<annotation>
	<folder>train</folder>
	<filename>IMG20191226125304.jpg</filename>
	<path>D:\Projects\Object Detection\LabelImg\data\train\IMG20191226125304.jpg</path>
	<source>
		<database>Unknown</database>
	</source>
	<size>
		<width>800</width>
		<height>600</height>
		<depth>3</depth>
	</size>
	<segmented>0</segmented>
	<object>
		<name>raspberrypi</name>
		<pose>Unspecified</pose>
		<truncated>0</truncated>
		<difficult>0</difficult>
		<bndbox>
			<xmin>340</xmin>
			<ymin>292</ymin>
			<xmax>486</xmax>
			<ymax>497</ymax>
		</bndbox>
	</object>
	<object>
		<name>product</name>
		<pose>Unspecified</pose>
		<truncated>0</truncated>
		<difficult>0</difficult>
		<bndbox>
			<xmin>221</xmin>
			<ymin>80</ymin>
			<xmax>361</xmax>
			<ymax>248</ymax>
		</bndbox>
	</object>
</annotation>
