<annotation>
	<folder>train</folder>
	<filename>IMG20191226125245.jpg</filename>
	<path>D:\Projects\Object Detection\LabelImg\data\train\IMG20191226125245.jpg</path>
	<source>
		<database>Unknown</database>
	</source>
	<size>
		<width>800</width>
		<height>600</height>
		<depth>3</depth>
	</size>
	<segmented>0</segmented>
	<object>
		<name>raspberrypi</name>
		<pose>Unspecified</pose>
		<truncated>0</truncated>
		<difficult>0</difficult>
		<bndbox>
			<xmin>162</xmin>
			<ymin>186</ymin>
			<xmax>405</xmax>
			<ymax>438</ymax>
		</bndbox>
	</object>
	<object>
		<name>product</name>
		<pose>Unspecified</pose>
		<truncated>0</truncated>
		<difficult>0</difficult>
		<bndbox>
			<xmin>254</xmin>
			<ymin>138</ymin>
			<xmax>441</xmax>
			<ymax>285</ymax>
		</bndbox>
	</object>
</annotation>
