<annotation>
	<folder>train</folder>
	<filename>IMG20191226125309.jpg</filename>
	<path>D:\Projects\Object Detection\LabelImg\data\train\IMG20191226125309.jpg</path>
	<source>
		<database>Unknown</database>
	</source>
	<size>
		<width>800</width>
		<height>600</height>
		<depth>3</depth>
	</size>
	<segmented>0</segmented>
	<object>
		<name>raspberrypi</name>
		<pose>Unspecified</pose>
		<truncated>0</truncated>
		<difficult>0</difficult>
		<bndbox>
			<xmin>278</xmin>
			<ymin>340</ymin>
			<xmax>491</xmax>
			<ymax>505</ymax>
		</bndbox>
	</object>
	<object>
		<name>product</name>
		<pose>Unspecified</pose>
		<truncated>0</truncated>
		<difficult>0</difficult>
		<bndbox>
			<xmin>245</xmin>
			<ymin>74</ymin>
			<xmax>392</xmax>
			<ymax>236</ymax>
		</bndbox>
	</object>
</annotation>
