<annotation>
	<folder>train</folder>
	<filename>IMG20191226125422.jpg</filename>
	<path>D:\Projects\Object Detection\LabelImg\data\train\IMG20191226125422.jpg</path>
	<source>
		<database>Unknown</database>
	</source>
	<size>
		<width>800</width>
		<height>600</height>
		<depth>3</depth>
	</size>
	<segmented>0</segmented>
	<object>
		<name>product</name>
		<pose>Unspecified</pose>
		<truncated>0</truncated>
		<difficult>0</difficult>
		<bndbox>
			<xmin>460</xmin>
			<ymin>24</ymin>
			<xmax>642</xmax>
			<ymax>228</ymax>
		</bndbox>
	</object>
	<object>
		<name>raspberrypi</name>
		<pose>Unspecified</pose>
		<truncated>0</truncated>
		<difficult>0</difficult>
		<bndbox>
			<xmin>74</xmin>
			<ymin>317</ymin>
			<xmax>400</xmax>
			<ymax>598</ymax>
		</bndbox>
	</object>
</annotation>
