<annotation>
	<folder>train</folder>
	<filename>IMG20191226125336.jpg</filename>
	<path>D:\Projects\Object Detection\LabelImg\data\train\IMG20191226125336.jpg</path>
	<source>
		<database>Unknown</database>
	</source>
	<size>
		<width>800</width>
		<height>600</height>
		<depth>3</depth>
	</size>
	<segmented>0</segmented>
	<object>
		<name>product</name>
		<pose>Unspecified</pose>
		<truncated>0</truncated>
		<difficult>0</difficult>
		<bndbox>
			<xmin>138</xmin>
			<ymin>66</ymin>
			<xmax>407</xmax>
			<ymax>231</ymax>
		</bndbox>
	</object>
	<object>
		<name>raspberrypi</name>
		<pose>Unspecified</pose>
		<truncated>0</truncated>
		<difficult>0</difficult>
		<bndbox>
			<xmin>370</xmin>
			<ymin>220</ymin>
			<xmax>652</xmax>
			<ymax>416</ymax>
		</bndbox>
	</object>
</annotation>
