<annotation>
	<folder>train</folder>
	<filename>IMG20191226125252.jpg</filename>
	<path>D:\Projects\Object Detection\LabelImg\data\train\IMG20191226125252.jpg</path>
	<source>
		<database>Unknown</database>
	</source>
	<size>
		<width>800</width>
		<height>600</height>
		<depth>3</depth>
	</size>
	<segmented>0</segmented>
	<object>
		<name>raspberrypi</name>
		<pose>Unspecified</pose>
		<truncated>0</truncated>
		<difficult>0</difficult>
		<bndbox>
			<xmin>81</xmin>
			<ymin>248</ymin>
			<xmax>419</xmax>
			<ymax>519</ymax>
		</bndbox>
	</object>
	<object>
		<name>product</name>
		<pose>Unspecified</pose>
		<truncated>0</truncated>
		<difficult>0</difficult>
		<bndbox>
			<xmin>406</xmin>
			<ymin>7</ymin>
			<xmax>637</xmax>
			<ymax>182</ymax>
		</bndbox>
	</object>
</annotation>
