<annotation>
	<folder>train</folder>
	<filename>IMG20191226123129.jpg</filename>
	<path>D:\Projects\Object Detection\LabelImg\data\train\IMG20191226123129.jpg</path>
	<source>
		<database>Unknown</database>
	</source>
	<size>
		<width>800</width>
		<height>600</height>
		<depth>3</depth>
	</size>
	<segmented>0</segmented>
	<object>
		<name>raspberrypi</name>
		<pose>Unspecified</pose>
		<truncated>0</truncated>
		<difficult>0</difficult>
		<bndbox>
			<xmin>81</xmin>
			<ymin>128</ymin>
			<xmax>551</xmax>
			<ymax>404</ymax>
		</bndbox>
	</object>
</annotation>
