<annotation>
	<folder>train</folder>
	<filename>IMG20191226125327.jpg</filename>
	<path>D:\Projects\Object Detection\LabelImg\data\train\IMG20191226125327.jpg</path>
	<source>
		<database>Unknown</database>
	</source>
	<size>
		<width>800</width>
		<height>600</height>
		<depth>3</depth>
	</size>
	<segmented>0</segmented>
	<object>
		<name>product</name>
		<pose>Unspecified</pose>
		<truncated>0</truncated>
		<difficult>0</difficult>
		<bndbox>
			<xmin>519</xmin>
			<ymin>285</ymin>
			<xmax>634</xmax>
			<ymax>439</ymax>
		</bndbox>
	</object>
	<object>
		<name>raspberrypi</name>
		<pose>Unspecified</pose>
		<truncated>0</truncated>
		<difficult>0</difficult>
		<bndbox>
			<xmin>77</xmin>
			<ymin>282</ymin>
			<xmax>292</xmax>
			<ymax>455</ymax>
		</bndbox>
	</object>
</annotation>
