<annotation>
	<folder>train</folder>
	<filename>IMG20191226125432.jpg</filename>
	<path>D:\Projects\Object Detection\LabelImg\data\train\IMG20191226125432.jpg</path>
	<source>
		<database>Unknown</database>
	</source>
	<size>
		<width>800</width>
		<height>600</height>
		<depth>3</depth>
	</size>
	<segmented>0</segmented>
	<object>
		<name>raspberrypi</name>
		<pose>Unspecified</pose>
		<truncated>0</truncated>
		<difficult>0</difficult>
		<bndbox>
			<xmin>399</xmin>
			<ymin>329</ymin>
			<xmax>653</xmax>
			<ymax>513</ymax>
		</bndbox>
	</object>
	<object>
		<name>product</name>
		<pose>Unspecified</pose>
		<truncated>0</truncated>
		<difficult>0</difficult>
		<bndbox>
			<xmin>348</xmin>
			<ymin>192</ymin>
			<xmax>510</xmax>
			<ymax>346</ymax>
		</bndbox>
	</object>
</annotation>
