<annotation>
	<folder>train</folder>
	<filename>IMG20191226125354.jpg</filename>
	<path>D:\Projects\Object Detection\LabelImg\data\train\IMG20191226125354.jpg</path>
	<source>
		<database>Unknown</database>
	</source>
	<size>
		<width>800</width>
		<height>600</height>
		<depth>3</depth>
	</size>
	<segmented>0</segmented>
	<object>
		<name>product</name>
		<pose>Unspecified</pose>
		<truncated>0</truncated>
		<difficult>0</difficult>
		<bndbox>
			<xmin>394</xmin>
			<ymin>269</ymin>
			<xmax>575</xmax>
			<ymax>520</ymax>
		</bndbox>
	</object>
	<object>
		<name>raspberrypi</name>
		<pose>Unspecified</pose>
		<truncated>0</truncated>
		<difficult>0</difficult>
		<bndbox>
			<xmin>286</xmin>
			<ymin>110</ymin>
			<xmax>450</xmax>
			<ymax>300</ymax>
		</bndbox>
	</object>
</annotation>
