<annotation>
	<folder>train</folder>
	<filename>IMG20191226125338.jpg</filename>
	<path>D:\Projects\Object Detection\LabelImg\data\train\IMG20191226125338.jpg</path>
	<source>
		<database>Unknown</database>
	</source>
	<size>
		<width>800</width>
		<height>600</height>
		<depth>3</depth>
	</size>
	<segmented>0</segmented>
	<object>
		<name>product</name>
		<pose>Unspecified</pose>
		<truncated>0</truncated>
		<difficult>0</difficult>
		<bndbox>
			<xmin>287</xmin>
			<ymin>283</ymin>
			<xmax>526</xmax>
			<ymax>433</ymax>
		</bndbox>
	</object>
	<object>
		<name>raspberrypi</name>
		<pose>Unspecified</pose>
		<truncated>0</truncated>
		<difficult>0</difficult>
		<bndbox>
			<xmin>505</xmin>
			<ymin>153</ymin>
			<xmax>799</xmax>
			<ymax>314</ymax>
		</bndbox>
	</object>
</annotation>
