<annotation>
	<folder>train</folder>
	<filename>IMG20191226125258.jpg</filename>
	<path>D:\Projects\Object Detection\LabelImg\data\train\IMG20191226125258.jpg</path>
	<source>
		<database>Unknown</database>
	</source>
	<size>
		<width>800</width>
		<height>600</height>
		<depth>3</depth>
	</size>
	<segmented>0</segmented>
	<object>
		<name>raspberrypi</name>
		<pose>Unspecified</pose>
		<truncated>0</truncated>
		<difficult>0</difficult>
		<bndbox>
			<xmin>308</xmin>
			<ymin>320</ymin>
			<xmax>570</xmax>
			<ymax>433</ymax>
		</bndbox>
	</object>
	<object>
		<name>product</name>
		<pose>Unspecified</pose>
		<truncated>0</truncated>
		<difficult>0</difficult>
		<bndbox>
			<xmin>334</xmin>
			<ymin>230</ymin>
			<xmax>484</xmax>
			<ymax>313</ymax>
		</bndbox>
	</object>
</annotation>
