<annotation>
	<folder>train</folder>
	<filename>IMG20191226125346.jpg</filename>
	<path>D:\Projects\Object Detection\LabelImg\data\train\IMG20191226125346.jpg</path>
	<source>
		<database>Unknown</database>
	</source>
	<size>
		<width>800</width>
		<height>600</height>
		<depth>3</depth>
	</size>
	<segmented>0</segmented>
	<object>
		<name>raspberrypi</name>
		<pose>Unspecified</pose>
		<truncated>0</truncated>
		<difficult>0</difficult>
		<bndbox>
			<xmin>141</xmin>
			<ymin>260</ymin>
			<xmax>425</xmax>
			<ymax>469</ymax>
		</bndbox>
	</object>
	<object>
		<name>product</name>
		<pose>Unspecified</pose>
		<truncated>0</truncated>
		<difficult>0</difficult>
		<bndbox>
			<xmin>501</xmin>
			<ymin>76</ymin>
			<xmax>658</xmax>
			<ymax>310</ymax>
		</bndbox>
	</object>
</annotation>
