<annotation>
	<folder>train</folder>
	<filename>IMG20191226125322.jpg</filename>
	<path>D:\Projects\Object Detection\LabelImg\data\train\IMG20191226125322.jpg</path>
	<source>
		<database>Unknown</database>
	</source>
	<size>
		<width>800</width>
		<height>600</height>
		<depth>3</depth>
	</size>
	<segmented>0</segmented>
	<object>
		<name>raspberrypi</name>
		<pose>Unspecified</pose>
		<truncated>0</truncated>
		<difficult>0</difficult>
		<bndbox>
			<xmin>241</xmin>
			<ymin>353</ymin>
			<xmax>442</xmax>
			<ymax>504</ymax>
		</bndbox>
	</object>
	<object>
		<name>product</name>
		<pose>Unspecified</pose>
		<truncated>0</truncated>
		<difficult>0</difficult>
		<bndbox>
			<xmin>339</xmin>
			<ymin>81</ymin>
			<xmax>451</xmax>
			<ymax>219</ymax>
		</bndbox>
	</object>
</annotation>
