<annotation>
	<folder>train</folder>
	<filename>IMG20191226125213.jpg</filename>
	<path>D:\Projects\Object Detection\LabelImg\data\train\IMG20191226125213.jpg</path>
	<source>
		<database>Unknown</database>
	</source>
	<size>
		<width>800</width>
		<height>600</height>
		<depth>3</depth>
	</size>
	<segmented>0</segmented>
	<object>
		<name>raspberrypi</name>
		<pose>Unspecified</pose>
		<truncated>0</truncated>
		<difficult>0</difficult>
		<bndbox>
			<xmin>164</xmin>
			<ymin>285</ymin>
			<xmax>453</xmax>
			<ymax>505</ymax>
		</bndbox>
	</object>
</annotation>
