<annotation>
	<folder>train</folder>
	<filename>IMG20191226125317.jpg</filename>
	<path>D:\Projects\Object Detection\LabelImg\data\train\IMG20191226125317.jpg</path>
	<source>
		<database>Unknown</database>
	</source>
	<size>
		<width>800</width>
		<height>600</height>
		<depth>3</depth>
	</size>
	<segmented>0</segmented>
	<object>
		<name>raspberrypi</name>
		<pose>Unspecified</pose>
		<truncated>0</truncated>
		<difficult>0</difficult>
		<bndbox>
			<xmin>458</xmin>
			<ymin>258</ymin>
			<xmax>581</xmax>
			<ymax>476</ymax>
		</bndbox>
	</object>
	<object>
		<name>product</name>
		<pose>Unspecified</pose>
		<truncated>0</truncated>
		<difficult>0</difficult>
		<bndbox>
			<xmin>171</xmin>
			<ymin>218</ymin>
			<xmax>329</xmax>
			<ymax>352</ymax>
		</bndbox>
	</object>
</annotation>
