<annotation>
	<folder>train</folder>
	<filename>IMG20191226122944.jpg</filename>
	<path>D:\Projects\Object Detection\LabelImg\data\train\IMG20191226122944.jpg</path>
	<source>
		<database>Unknown</database>
	</source>
	<size>
		<width>800</width>
		<height>600</height>
		<depth>3</depth>
	</size>
	<segmented>0</segmented>
	<object>
		<name>product</name>
		<pose>Unspecified</pose>
		<truncated>0</truncated>
		<difficult>0</difficult>
		<bndbox>
			<xmin>303</xmin>
			<ymin>283</ymin>
			<xmax>480</xmax>
			<ymax>417</ymax>
		</bndbox>
	</object>
</annotation>
