<annotation>
	<folder>train</folder>
	<filename>IMG20191226125351.jpg</filename>
	<path>D:\Projects\Object Detection\LabelImg\data\train\IMG20191226125351.jpg</path>
	<source>
		<database>Unknown</database>
	</source>
	<size>
		<width>800</width>
		<height>600</height>
		<depth>3</depth>
	</size>
	<segmented>0</segmented>
	<object>
		<name>product</name>
		<pose>Unspecified</pose>
		<truncated>0</truncated>
		<difficult>0</difficult>
		<bndbox>
			<xmin>106</xmin>
			<ymin>170</ymin>
			<xmax>327</xmax>
			<ymax>409</ymax>
		</bndbox>
	</object>
	<object>
		<name>raspberrypi</name>
		<pose>Unspecified</pose>
		<truncated>0</truncated>
		<difficult>0</difficult>
		<bndbox>
			<xmin>222</xmin>
			<ymin>82</ymin>
			<xmax>422</xmax>
			<ymax>228</ymax>
		</bndbox>
	</object>
</annotation>
